"path"	"size_bytes"	"blob"
"board_deps/README.md"	"5574"	"bb7ede3ccee728eaac390bd6213a60143ed8dac0"
"board_deps/usrp/uhd-images/README.md"	"967"	"cd60ccd174cdc280e30b6620f4fc35035ee54aa3"
"docker/README.md"	"3795"	"fe8b3dbb62211d3ee201118710e74a1d7bbf5410"
"README.md"	"10243"	"073b449482cbe8b4921751879627ed1225164791"
"Semantic-Communication/session_bootstrap/reports/big_little_compare_20260318_053619.md"	"559"	"52b066b44dbeaafbd676a865e45ac17fbe38a35e"
"Semantic-Communication/session_bootstrap/reports/big_little_compare_20260318_095615.md"	"576"	"2a8236f1f81559b29f924116a6014bae022a1713"
"Semantic-Communication/session_bootstrap/reports/big_little_compare_20260318_123300.md"	"574"	"57d2a9d52be47b212068ba5c14f530695e3d9362"
"Semantic-Communication/session_bootstrap/reports/current_scheme_b_compare_20260311_195303.md"	"933"	"750343be84a90e492a94198971c12d5ca9d72a8a"
"Semantic-Communication/session_bootstrap/reports/inference_compare_currentsafe_chunk4_refresh_20260313_1758.md"	"2453"	"29e904b25af8eaa5da3ae8cc1800ebaf860c67c5"
"Semantic-Communication/session_bootstrap/reports/inference_real_reconstruction_compare_currentsafe_chunk4_refresh_20260313_1758.md"	"2560"	"40036d6e84ee14c2ab4d187652636b6d3e1e11cd"
"Semantic-Communication/session_bootstrap/reports/openamp_control_plane_evidence_package_20260315/coverage_matrix.md"	"4251"	"46e1d15fbd85853be36de79ea1fbddd2ae49f1e9"
"Semantic-Communication/session_bootstrap/reports/openamp_control_plane_evidence_package_20260315/demo_materials_index.md"	"1749"	"47b37cdfeee317bb4cd9b06a2436bcedcab9eb75"
"Semantic-Communication/session_bootstrap/reports/openamp_control_plane_evidence_package_20260315/summary_report.md"	"3464"	"04bbba8fce48f4a833fc037c66e0b4a80b4fe627"
"Semantic-Communication/session_bootstrap/reports/openamp_demo_live_dualpath_status_20260317.md"	"4334"	"0914b36af6c4c3d60186a8caca946de49b3edaf7"
"Semantic-Communication/session_bootstrap/reports/openamp_phase5_fit03_watchdog_success_2026-03-15.md"	"1952"	"0b5e76aeb44d7fd1487ae0098211b27d0bf834fb"
"Semantic-Communication/session_bootstrap/reports/openamp_phase5_job_done_success_2026-03-15.md"	"4112"	"c434bb42fa08b5fd75d0d9ff6827f93e7a7fccde"
"Semantic-Communication/session_bootstrap/reports/openamp_phase5_release_v1.4.0_cold_boot_and_demo_success_2026-03-14.md"	"3505"	"8a30b3f40849b603f6204351e6b791371ff6afd8"
