# latent_filename	original_filename	quality_rank
d05b3f7926749ca65503b432912b2885933b5880dfa7b4d0546b85e2eee04cbd_latent.pt	00004417.jpg	1
2195ae3fea3ed414de9ec9160306c4d069812d7b40c3016b2f98e88f6dc4e050_latent.pt	00002504.jpg	2
fb0afa6bb9fb97b52e8679965e97c5958672654ef2efcfd5f52e8926ba49cca0_latent.pt	00000460.jpg	4
9b35c0359511803eca8bf7c0c86a0ec8c5d68f80505c675c3649321df87d58d7_latent.pt	00002575.jpg	5
c85e615f18587d34bcc84f2cef1e714b662edd30b5a19255bb8ff9c6aa417d51_latent.pt	00004968.jpg	6
0cd95c6358b8f2d3ebd31d78c390f51b1a13f17d5eae75c97bbb2dad41a4a174_latent.pt	00001221.jpg	7
1070eab0655ed5d8f4e04bb45995e9bb0477e00ea9b3825804be0025663e8852_latent.pt	00002123.jpg	8
092b5d0327f9c1ddd589dd6e403ce1c8c676926a1dfbee0205b0401659d311f5_latent.pt	00002080.jpg	9
0e82eaabe3021a7e4a453df6fc71f721abf78175c924e9f5b0940821ef258528_latent.pt	00001470.jpg	10
7b5569ec60ae6a78458d1b1cf433e99094cd5b6428ded3c1e91f71165fe2e6e6_latent.pt	00003197.jpg	11
e25e1aac31856552fc9bc29d5b465a61ebd091e5509301213beb12be6e54f5b7_latent.pt	00000780.jpg	13
cbbef2892fdcb83c0dead8992c2b2b525e89746f249be62b063ed2b3970231c5_latent.pt	00000800.jpg	15
39ce31f940bcf24f9b4c7afab54fea1cd421577b1528a723c247c79ace9afbf7_latent.pt	00002376.jpg	16
018df32a54b3164e732f79c24c409c31d79944d6e4d0b24b5cfc5d72e2a3c832_latent.pt	00001528.jpg	17
81b51957b3773d068a19d2ce0c3342cb408284a7bdeada4dc8c9b4509d95ac4b_latent.pt	00001350.jpg	18
9a6460554718d4760615503386ea82cfd75af691dc23f66101716786e396bb7b_latent.pt	00004402.jpg	19
8a7a9cd7baa79708eb73954df7c68cfc01a4825785f4789b43ce1c4122f67241_latent.pt	00003921.jpg	20
57017aba47ec03e9de9952880fa406129baa2ea2a89d7cebfd553ad520c684e0_latent.pt	00003479.jpg	22
3185399b23fb2996202d37d1093c476f5e9bce79a990417792c1cea8805bc59a_latent.pt	00003034.jpg	23
ace4dd0106ab2ec93c532869d0d61b9c097731bccdd89c6b6c399e7d3fb03f2c_latent.pt	00001811.jpg	25
6415b6f8b2767a53df49129510f976d71e9a40460ad4dd23691835e179b6f563_latent.pt	00004199.jpg	26
a300adea0ec9b6ecb689ab2a85a8b075ed300741b77907ae9173adfcd1212aaf_latent.pt	00002537.jpg	27
1484cf66255bb0669db3dd216bf2775d4b9ce35300d7bac83e17424b59ec15af_latent.pt	00001967.jpg	28
8603618a843944d3b327e3870f78517b7e4bd72502fdf8ffdca5301cc2e75964_latent.pt	00002771.jpg	30
3e0461db36f39b0286def603dec5c77acaabd7a12fac29eee6e55ad32c580fd2_latent.pt	00000994.jpg	31
c235b2c954200b0bf8f07c2ca713feac7ce0e3b790352795d01c7b13612f4ac7_latent.pt	00004484.jpg	32
821b9ddb69da330c3c198f31946fe81eea31e8722db3b75b3920834089f600fc_latent.pt	00003365.jpg	33
5500df58b9208f6d44b85484e4e66e41e221469b34c045e2367f9a3619bee50c_latent.pt	00003363.jpg	34
a62625e9a295bcf532d192839389dab0a1dfad1fed51c34f53e3a0823d517413_latent.pt	00004481.jpg	35
45e3d809a0c51256f3895a653287a0548128ce322bd5cd5ae01c5690df77f4e0_latent.pt	00004943.jpg	37
537e6d27d3c16eaed00226dce2199aae20191386b340681ffe03544e29bad00a_latent.pt	00001589.jpg	38
e60a4167be63ef185bd7644ec8b2c19721b080c6815e2d687c8da21c19b14ed5_latent.pt	00003411.jpg	39
834d8a8fc0f42498f29e99a27336bdd699925667c02e3d6f86c4e087b6f3937c_latent.pt	00001202.jpg	42
32cdc36d1c7ba93650f50f3d71d8e9bda2946b476d9c20ad32b1f996e5410dd5_latent.pt	00000303.jpg	43
8c3a5b6a79511646bdbe475e50afd77d5f7e5cbef234dcd9b478b94c376df13a_latent.pt	00001197.jpg	44
ed1208c678072ea2699f59f37603eae5386e5147131b4eb0a3061fa0aa838da6_latent.pt	00000593.jpg	45
4bf0a543bb81d7d0669d909c2f873bc78091a1bb3ef95a448154392b63692206_latent.pt	00000212.jpg	46
9606290729b169208633e0e2cac41b62f421b2caa223005d538a475f12f46d33_latent.pt	00001018.jpg	47
e55e3817e880dc011c8249b7631284b0649c9ba5d4dcdfae4abac06af7bed7cc_latent.pt	00004228.jpg	48
ea50a71c1cc611ac98b0019fd146ffc84387011bc08690132bc5f7451ca75a23_latent.pt	00000400.jpg	49
6bbacc21c574eddb4ac3bcd2d4206f3b74154ed5de7f5f6f7b28f5c9fd58ea73_latent.pt	00000808.jpg	50
16afc75459d3f33d1af6901449e86a4c55867e56157f5277a0af56402b48f301_latent.pt	00004057.jpg	51
72178a2c100d1939d7148fec8e88304e6a74a46b9b7c9e828719bbf3295144f6_latent.pt	00001191.jpg	52
a0e4552ae1c3e8965cc8ba86e45fb153497afb764ea7c7c559f35f13830212c2_latent.pt	00002670.jpg	53
18fc0691028d8bf118f18c98b8e285181d0fbde368a3f1371dd3578b9b893c92_latent.pt	00000357.jpg	54
f226032b9b54bde2f1370c251351b6fb22d2ee202822cdaadcd25b599dc9618d_latent.pt	00003672.jpg	55
1b1cd20aae3e3769ff4218cd0e8bf070c2580cb1c0abda14788b81abae75ce8e_latent.pt	00003224.jpg	56
bfe66ddbc5ed9c52b6bc0bd2881a4ecb686c0f16079e9f87c3acd7fed9b06ccc_latent.pt	00002595.jpg	57
e085d1d2ace2face2a62c734fc5f4fd77dcd7a9c8d17e916f8de56873bcb4e0e_latent.pt	00004756.jpg	58
fb9bf051ffa1e06409b528f59f86c1303f9cc9a30b859e060b9a2f260441eccd_latent.pt	00004015.jpg	60
af7744d8d08f8977e1952cb9145ef5e1e4531f4558272024ab43db9e09a96ea3_latent.pt	00002430.jpg	61
c8d027ea3c88182160572de2524f101f635407706c76b22951dd8ff73c794250_latent.pt	00000411.jpg	63
af196ae9ccbc3045c92a12de494881dbc4cd44d33dec7a0f1d45a7db3f1da8b5_latent.pt	00003852.jpg	64
7616558d2efa1d623f169fc21b51279112c190b7fbb85f1b3daa2de083c425aa_latent.pt	00002985.jpg	65
5d0ee89c033de18ef9aac526ea16dcccf11421c151a6174c664b12a0c2b28eec_latent.pt	00003764.jpg	66
5abf0ef47639c7cdb6b3faa6d3415d5b86a6d6ca3002ff9c86c3c3d8a857f11e_latent.pt	00001481.jpg	67
955689a0eeff9b1d0214025fdbc0b0bd7de91528feafad5a9958b2f3434093b6_latent.pt	00001692.jpg	68
5cdab02940913571ba797bc7539e0e33fc39138c077a49bdf703306882ded1d1_latent.pt	00003654.jpg	69
1a7242c1032ab688bed6c58f4422376d9546187c67b38bc24a52ff6b4941ea44_latent.pt	00002551.jpg	70
2d2ac7f28256c287d496ae507985545e20d12fd7fcf471a538a25f882291c718_latent.pt	00000297.jpg	71
e3063c39920e849de2c20bf71a12caf512eee34edcf9a543d004d4e1dc6e5364_latent.pt	00000416.jpg	72
b6f8d03cf09bbccc8906ce4377489237718967e415de3067ff73d3240e67664d_latent.pt	00003795.jpg	73
0ec7970a10ea6cfd1702129987a4893f6fa0a74e31b6485e68b1e0670a04a6b9_latent.pt	00004177.jpg	74
7a3c8702c32a51779e522b5991007fbcd91bb35d7de1e3735850d6fa24b2241e_latent.pt	00004540.jpg	75
e8df66a1f959d6643306c5777fc7d1d41823ffe080749b4b482008335907d7b1_latent.pt	00000940.jpg	76
2bf701ae5564cd365df3503a86aa0d71f15628b15245ffaa25a428726fc81aba_latent.pt	00001401.jpg	79
cf01e8c22bc3e6a6c5effb3eb861c29523faca621af00d56e9ace636ae42a079_latent.pt	00001875.jpg	80
e7bd06160aea153c4b1f521a60f95d1bebbab15bdcfda50542bf974642f20605_latent.pt	00000857.jpg	82
55725c4e575eb77d51718c0476d22c83f27e49c3e5597abdae34fb08e8149a36_latent.pt	00000518.jpg	83
555db51c4a46ce206a74d9c4558b48f47521ccd0a09e2010e5cd1379c4cf4146_latent.pt	00004387.jpg	84
2aad547f76812f02863421bb3e5bf93f1a2aeda379d1e57347bc3ccef6f09fc7_latent.pt	00003705.jpg	85
8a72e4c26ac0c2ef0e777fe3e83b5721fc14ece83a1a199ccee8b3c8ebf24b0f_latent.pt	00004238.jpg	86
ebe1bebbbe576408ffbda8d72bdb8f4a43be1f385239689bf3bb9da118b7fc74_latent.pt	00000193.jpg	87
ca0ab0a3ec8e54d0a1ecfdbc943881093671c88ea416a3b6500b86ad6617d647_latent.pt	00000152.jpg	88
85ba83413fcbd0cb297fdf1da3369e8a6563807b8a20bb90a42b60d509f8eb8c_latent.pt	00000945.jpg	89
1573ab1415f1e16aa614092fb024334dc2882c1dbe0105d993f5b16344b853ff_latent.pt	00004970.jpg	90
2c13ac27b2b951b2c8bc1e7aec9311d0b4f608e8d47872b6c9ed0ae157d57741_latent.pt	00001503.jpg	91
861d922b2adf4a171a3682f44496642ab2d7c851498c9c1750f67edc8c73270b_latent.pt	00003676.jpg	92
8890b44eed21207404faf3aa3c416143b409f37dec8954711fe1cc42017e5108_latent.pt	00002354.jpg	94
8462f29c8106592397dbccfca97484b0c842a502588afe736911410a078005fc_latent.pt	00001022.jpg	96
e43db30e893d0b6405183158b82c9ecfbe39409307d6b390f50b54e35083e163_latent.pt	00004810.jpg	97
8df434d2ddf67d09022bd5f4ff2dd540f050a91ee11265b9dcd1ce9658aa14b3_latent.pt	00004458.jpg	99
c521ccef1c870459db196bfb07796af519d88a4c923a0f7512d1d35600bd9af8_latent.pt	00002568.jpg	101
087cb0dc7e2ca2ab96d17831491b94b2acbc633898a7662914bc3f7673e6aa8b_latent.pt	00004425.jpg	102
52c4ae1ac6fe06d6001e11f66cf41e6f133639b430765d3373d03c717ade3183_latent.pt	00001861.jpg	103
0eebdc737c92379514aece161d7356b3af7008eec05901e0d2b75a992b97df30_latent.pt	00003917.jpg	104
dccf1e98ac483d4991eccf49f2efdd4b6f19db286c40190bfbcb755a3ce607f3_latent.pt	00000976.jpg	105
9cdbbd350672ffe0de60f88e4f0f316769902baad9784edf91e83dfee00068d1_latent.pt	00001064.jpg	106
493b1c18055dcec6fabd1de1f3c09c69c4df382b56e58c85400d8eda52265e1c_latent.pt	00003856.jpg	107
f7629ecdddf3f2e028ff8ab330f868c309bbfb6a5bcfd16f30e3c62a47b6f1ff_latent.pt	00003248.jpg	108
3795b38b1efbbc90a9e1f6415c8c69dd451f911b6e703087d3beb18f73d47bb2_latent.pt	00000090.jpg	109
b6f06665acd9d15e7a2f9216dd7ceb6f7156f402e5801a47ebfe28cb9e1ca00c_latent.pt	00000256.jpg	110
607e4d5c346939254c26cb92e60ff99623e659131397972b03ae3ae84dab0cf7_latent.pt	00001955.jpg	113
ff4f8a7826e3e93383fdf44f14cd8ed729e784348e6fbcfcefab032a2c044fde_latent.pt	00004377.jpg	114
743e7c0c73bc091216c1be6db86267db79e5af30e610b65641a326ab0c9f5c03_latent.pt	00002731.jpg	115
eb1b69a0589b5e3e4ee85ec5ce3de00c5563330b5bff1c66d8e0c608d62f5485_latent.pt	00001453.jpg	116
dabcc10b3df82d30d39a242e2177863d3e02a51e0ea9a8f3594ce32e24644477_latent.pt	00001007.jpg	120
c7cadfb04e887a2123dd2a73ac75cf4d24a768ca57ed76c2a68b97e389f32d7a_latent.pt	00003808.jpg	121
2b9216f1d28d3f6968c691d2de82ea45df27f54814a314da3d25241bffcc1ccb_latent.pt	00000713.jpg	122
8952c732fd1da3db591a43870a0be1c0406ffe8204aab5b5936b2efb5648b75f_latent.pt	00000408.jpg	123
5797f9cfade366e2611cdd03501dbd1e3fac70a18e70748216ed04c1469efdd5_latent.pt	00000115.jpg	124
6a073e7504733a2780686476fd488f0ccbbb63d78e483175e3ae2a2286edbc29_latent.pt	00001434.jpg	125
c39891b21b8fc58549729c0132d388cd375ee9e8299383fa8795bb0474e46068_latent.pt	00002146.jpg	126
ddf41580301516a81ce4247ae1ec683046c918d19d96f5b3f7bfe2fa7c5a94c2_latent.pt	00001929.jpg	127
ba1df67fb5bbc5782dcba5443dd550b205317ba97cf0d61d338afeb48538dad4_latent.pt	00002127.jpg	128
70335dfcbd7a2869f9a8ad6c75dd5f8bbee156148c3a3bcece5a1356509f11f5_latent.pt	00002262.jpg	129
e55be1ffe46d9e7ff3db263590ee8a540cc73f3574c439475a354b954072da5d_latent.pt	00003067.jpg	130
c348a9f67b7d8bf41405c954cf28ad024cfd2289e179d524554d7a975c835e64_latent.pt	00000921.jpg	131
4af6dd175f1e89a4a931f124b446b9bee4503a987af49718abbf548f91b29e50_latent.pt	00001670.jpg	132
681b706a15a0b751cc4ae987fb2c74cb9000da3ad5001d8d1c8b11464aafb765_latent.pt	00001874.jpg	134
e23f36750a5b55ed40f42e7b30b84c463255d8823874beb9f40e5261117b4a54_latent.pt	00003584.jpg	136
854375d0a3e82a99d41f6be7bd91e0ec14532ff9bf7c9cb7d37784f69a9e06e7_latent.pt	00003274.jpg	137
343c58a7cbd599b4755dd36af1ed31bb0b5891cacc948d30d30e4d3c1ca0385b_latent.pt	00001621.jpg	138
5c8b870f3c978a155d55eeca5fb7b94f35e00d41907870ed8493bc5ec4ffeec4_latent.pt	00001416.jpg	139
62739f1da214f0473cc72c50c4ef99d08afefd092d34287cfbbe7be76442c691_latent.pt	00001127.jpg	140
0f4e865d29251a1dd25148c411ac21a835010acfa82a647d874a04566a006303_latent.pt	00003270.jpg	142
04e4283774f839683a5881f83afc01b8d03be2cc37a403117e256e44e4a5d298_latent.pt	00002227.jpg	143
6dc30ae82f6930f49e7a813c2a2b1fd5d83562e347b20745246d62f9031b6759_latent.pt	00003234.jpg	144
ed3c6abdadb843da5d94af9b6801101c803fd85cda95ee6e4160da44df6e7a2e_latent.pt	00002823.jpg	145
0cf0c7fde68d11e49330ed643400845f25f50bd642bec654a87fb652d7254eb7_latent.pt	00004502.jpg	147
8915f6ff92e8b79b6a4fe97a19c550d970938d0083cf90418c85b02e0d681805_latent.pt	00004856.jpg	148
53407309d3c55d9deac1d65734ebdff56885d90b50f9611ac401f2f0728a0f8a_latent.pt	00004736.jpg	149
1a5e9710f3a4085744d4dec904043e4ebcd8a8c85018e4e157980f4ef61a4bcd_latent.pt	00003159.jpg	150
031a878cda5e78eabe07257d157d0a78217bdfd9f94c36985744b1ce740ce5c4_latent.pt	00001125.jpg	151
f8642ff430ccaae479dbb7fef7c17d96889de4cd1b48e6b10216ad67df735726_latent.pt	00004839.jpg	153
97e48f521b705372445514925ca73e743bdb5cf79aacb38f02f0771d1fa27035_latent.pt	00003226.jpg	154
a247fa5f5f5f243a6b3c044cf8d8b8029a41de71dfcd25cbab05ac8298f75247_latent.pt	00000680.jpg	155
72405579c87d71e10e1dc6d309b3ace4beda3a1003d1500d2c342f58ed1dffef_latent.pt	00002301.jpg	156
2a3afaf04587c474ba88e230a02c006c3fe35f53c62e0bf19b20eefc6a8ef93e_latent.pt	00000325.jpg	157
9321b267ce31efb7898afa23ee50b1bd7dae8b6efef8f36200e812292965d47d_latent.pt	00000271.jpg	158
24450be3bad083b86dcc5e43ada1f05baaaad259960d889b40fced7434235eda_latent.pt	00003204.jpg	159
4d1c59b9b242bb7238ae4c0f9a54930aafa9d737e7dfda7a607562ec7dd61a50_latent.pt	00003826.jpg	161
ab1ba28266ea7aad7cbabe8c082b205976d02bada1572689132707416833d2a8_latent.pt	00002939.jpg	162
ee8fe22af384dd76ac6ccd796a2feda92a9083f6c218065f3a5b8a7c0baed632_latent.pt	00001338.jpg	163
a7e0dc54d2467db19bb0412fe44cda3a44e5c92e9653a2e538e92a2f2b7ae3ae_latent.pt	00000829.jpg	164
85a3fa7ab2e6dc4bcc036ed8bfd8fb89c9e1b59046ef23f9926d1ddcd308733a_latent.pt	00001887.jpg	166
6093f88a5e6835f44c1ba6cf1583dd8421b4ecedf98aed43d377b5d744787ca3_latent.pt	00000160.jpg	167
8cd28e7ec1189120b9220fd211a8616b4c4ccee5d89ba43957b019117aa8bfde_latent.pt	00001163.jpg	169
2d1b15ea2500b620d28d96a33fd8bfa8281196f2935901d19258868abfe278be_latent.pt	00001059.jpg	170
76a8a3d85dcd8090ae027ebc202b10216d26a37c65dcb239a91851c76ff67011_latent.pt	00002399.jpg	171
b6056735063bd2d3edf66c5a9c4d1dff93be36e1706564de8cfe03cb002bcd62_latent.pt	00004624.jpg	172
ae54e7dbd750250d2e2dbcaaae6d65407b66cc300a34873bcd15c658374fba7c_latent.pt	00001513.jpg	173
f40fb2c304d874f1e8c98d04b41282ead0c84b75f2f0785d5f1cadd05cbdd0c0_latent.pt	00002552.jpg	174
6336683a6a7fbe071a0445595e0390fbb7693bc814286bf93b2a60a6dcba2fca_latent.pt	00001473.jpg	175
7c91f0e555330dd139e15de3d0b4de2eb1b57e75a3d6f8c854e1bdce08cd54a5_latent.pt	00003139.jpg	176
927b1a55900ac44b5a242b2385dc1ef85b9c06af0fc8b840a750db141c5182a6_latent.pt	00004766.jpg	177
68be74d2206f7fbb85203d29e3155f32ec96fa8baec2d754a84e94007cf3f7dc_latent.pt	00000794.jpg	178
0215fea83db5754c6bc2132e0b99fe0702ef740372aa0bcee6ded7fe6ff48837_latent.pt	00002131.jpg	179
743cd1a72a9cf62c2d8a2287e63de64e828b90f77672f9e08af7e13a37fdbc67_latent.pt	00004589.jpg	180
c818123555c4a07e4dd90cea48f87345bc4ce8a48aee7b35bc9bb9133396c1bc_latent.pt	00004940.jpg	181
5dee9cbdc5e9fb1c9091459b7b0a502431e1173995a3d7274574220210eaf223_latent.pt	00004474.jpg	182
d80d228201d6303d1fd102a75e84bff3e1cc3aafd9c9ab10327c31b9d3b68816_latent.pt	00000453.jpg	183
313e694342242f8c0b58e69df1eefce84c34f1962d94a9a0aad0d3012b92fb48_latent.pt	00004623.jpg	184
15d8dd9f0de1f82b2c4f7fecf1abfb48102fec5732a7bc35275f6e7b404d4bc4_latent.pt	00003312.jpg	185
8e19315554329531c19ed035532a7ff1e199efa6373d3b4c5347b9fc13026d51_latent.pt	00000675.jpg	186
3d4f8374eb399e66f9c6ba0030f67266dd0b2835de12ea73ad1996faec404f1c_latent.pt	00003787.jpg	187
ecb8ec924f81ee098f85e17adb4dcb083b12f019a26593f384d55bd063a2d9d2_latent.pt	00002653.jpg	188
67f486a1cc34eaef0488b0a5b59422b752853d16a43e302c7ed92b012fdde7b6_latent.pt	00004611.jpg	189
84337b0d66e6b4b45c675ce2b07b3bce291d720e78240519bfc2a1c46b3171f6_latent.pt	00003143.jpg	190
29154be3708dd53e57c650caba26e0259eda572edaf777302a66e8d6dc765a6b_latent.pt	00002694.jpg	191
1f23c41c4d41175fd9702b045302e6e759cd4fcc5299b1a5fc60b2d26f4ce8ee_latent.pt	00002236.jpg	193
97b956ab873c8a91ef0d33ff434f3283c713c4ac10efe14e3e3094a76ae5eee4_latent.pt	00000887.jpg	194
bbb434ad84a3440402cc8a5efc1dc9b6d8d97eba915399c9725b8833d601fc62_latent.pt	00001924.jpg	195
78c5aa25c54a4cb01981937faf483586f78bd7eeece7b26d4119c2d6a1e5a508_latent.pt	00004707.jpg	196
5b91e8ca4253a26c3c5cc907268ab10fe091067d51dffb74d5bf2124b1397439_latent.pt	00000995.jpg	197
408cd7b49c79ced225072222e2c0d921d7aecfcff300810f811f8b094c46ed8b_latent.pt	00004298.jpg	198
135953d93f9999ca8579c24751d19d702457dc93db06599bb6c7c8311e2cd615_latent.pt	00000446.jpg	199
0b74dae50bedd52486d8496f4d390bef8de6ac5ca0bbcb09e32d3516e696b8ef_latent.pt	00004962.jpg	200
bef3c594b4de4f5662143790d3a6485f6519fec0498de260557d0e21c826d5af_latent.pt	00003476.jpg	201
53e9f9af71fddd419ce45c8b12a81b4ddcc2cef00a96068d73364e65892238ba_latent.pt	00003054.jpg	202
0aa7c175f86370b6ea3880ddeb6913c588838406d7064805aeff1e1fcfdfa50c_latent.pt	00003002.jpg	203
ac0cf93ee84577077e1ed87f764efe765943a5c1ffcc5d9f17e9731c22b045ce_latent.pt	00003715.jpg	204
f2df3f0348e46075322df889b55c9d16167443f5f6c6e2752c62543c72ece199_latent.pt	00003003.jpg	207
b8b3035b8527b0eba249d63066fab84392709a844b62fc3b468180c8e358122d_latent.pt	00001571.jpg	208
3e9824b757831b92cda267a1376bcbcc6f1205934a6693fbdbc2ea8fbd2e71c0_latent.pt	00000913.jpg	210
b9539324d4d7b5bccd57453e6ecb7e8e58d2794eba5ebe74e3bd9f439fe570ed_latent.pt	00002941.jpg	212
72bbb551a1dbf48fda268fa8daca715e9443e4cc1f799fd94b0770c7e934b9da_latent.pt	00000595.jpg	213
723de609055877e65b87b1b2837ab010f0e9dffa2e440f26b46fbdb2fca3758b_latent.pt	00001014.jpg	214
a5546c228703605bb3dd668af912b685e28bd2e5060b647693208ff21cc4e2f7_latent.pt	00000792.jpg	215
4f3f2b9a0153c0d094ad633ea447c33aaa65cb9fad615d6ce8b6190c1ec3f78f_latent.pt	00001075.jpg	216
faa0c54172bfb4c0f39c8a6c5e657141ce694d699ffde8a1e23e53bf2e86901b_latent.pt	00001196.jpg	217
7bcd2dcb0039dc21c12202c037cd9cb8e2f26d57fff14b050a6f4bf32f76a697_latent.pt	00003956.jpg	218
322b2c40d5bc78f532a4c99b5acf45019db4019b6226515739b7c56e0210d184_latent.pt	00004862.jpg	219
828cedfae0b7910f5b54a47dc9fa47d01caf5b72d9d2ba3af155e61e61f83cc5_latent.pt	00004021.jpg	220
bc9ed11293a2cf038e9d878ccfff626fd6a64fd6213f09a8498a1cb0fd1df4a9_latent.pt	00002726.jpg	221
5b7effd0626b9346717b072a64b486e95fffc3c32799015494efa2583a334429_latent.pt	00001164.jpg	222
7031cd35fe5aa91e32b5f6b5e3983fd9cba6b86dea3cded7851effed5c804ee0_latent.pt	00003431.jpg	223
992050fc6dc7cfed35ebe557961ab0f0d2199149826d356227a3bc005452f44b_latent.pt	00003161.jpg	224
d94bb1f133b6f35598ab1090339e1d2ef992da80c6d7f7730862b58f49579474_latent.pt	00004987.jpg	225
dcddffc03796e602713d9503ef84568baf6efe148a93ae9ddf69cbe440ad4949_latent.pt	00001997.jpg	226
5e15366be28b20f85fb267f525668b5ab9bf7d55a84409de0eb0a1d43f09cac3_latent.pt	00004851.jpg	227
611043241a3d671bf004165f62fdfe5face70fe455a873ba5919aa0bd6f1e897_latent.pt	00000180.jpg	228
4582dd47c826d79a0c4083c39eacec08f9fd0ddf6cf3882fea17f96dcb682ae1_latent.pt	00004668.jpg	230
873aa80aacb32cfe8e194e0f2bd3d918e952bd656bc46ca89cef7da0eaaac20c_latent.pt	00001254.jpg	231
d8dd27ef87662218513adef98677109137f7f51ea49b8fa1728c3a7097c6bebc_latent.pt	00004304.jpg	232
5838ab17e4bca644049c014c973e03385d7c7b55f4063ad4734443b3327b0cb4_latent.pt	00000470.jpg	233
c6d7a71d0ebe6281aaec35cbf8b5fb043cf8fa2ac898c1e7ab49ca468ebe8e5c_latent.pt	00001514.jpg	234
07513ad97fc134f90d219b2863b65e518a37601321ad33b33c99a2a053997f09_latent.pt	00000022.jpg	235
071e2aea6abdd6ddac4dbc54b6c3eadeb8d379ec6fc5a5b8ffd13843b946ebf0_latent.pt	00001225.jpg	236
79388079c8d75bef22b36bfee42f4aaa3ecbf8c0054255935f758c098d8fd78a_latent.pt	00002788.jpg	237
948db41106d0773651789a2eaea6e084dac66fc418132124300e6d5a9bebc898_latent.pt	00002004.jpg	238
69983e4399c2cc901021b5429d5659d07188ec9307c816e5a6a46b1acc73e00b_latent.pt	00002933.jpg	239
7ec5f2802f2151d16941921c525c4977da08caa9958cd9f6144508d7964ce3ce_latent.pt	00000853.jpg	240
74cc5664245a9e1c329d5dcf944d4bb410fc98ab82442c3bcde3688dcdfce418_latent.pt	00004777.jpg	241
f07e5b93026481b76ff49d36dc8b5895fa5f53399be3a897c979e3fce2028535_latent.pt	00003286.jpg	242
09eeeb946e694d9a1b5f8efa16649e56c54e8679177c3074f34d066d632ef4c7_latent.pt	00000611.jpg	243
926ae1cf5fd3305a42bac9ed804f074c30cdbc6966319398afe42a43e22844a8_latent.pt	00004123.jpg	244
94810d183426b2345e6f1d0916913ec80668a3a97c75aa04cc7a895e4b510fa6_latent.pt	00003458.jpg	245
c5b79dbd524a224cd3c72b0fccc815f13598036cb3de50b6e724d6bea766a4d7_latent.pt	00000397.jpg	246
f7fba07e618a955eba5e5bd85d683304439fe76202229429343798b30b1acbf7_latent.pt	00000053.jpg	247
c0ce62dc45bb8f3eaac3f4cc5f1ee5641ac3f34e36da2e2dfe3e748b44fc8d0b_latent.pt	00001590.jpg	248
9012c82e8a3932f629aba5030f66f509046dc4b617ef03317070adbcafd1cfaf_latent.pt	00004413.jpg	249
7e19aace5e997c04c5f5e0cc85946514f65a6833163f8010e91ce682da3ebcb7_latent.pt	00003798.jpg	250
76f29980683f6138b77533471750e7755158209db7746f97aeb57f35524ee698_latent.pt	00002915.jpg	251
b1304d60cc5680d2b56efd89e62d478a104d8cf40dea05018a33921620b02ccf_latent.pt	00002569.jpg	253
f0abb067be3ff02135e14bd85b5274d0097559abf425a98676d1f8cef06aff5c_latent.pt	00000300.jpg	254
766d1edb2d879f41c75e91bf634a2056875d11a2f3eb2161569e69d28d091d1c_latent.pt	00004807.jpg	255
89b514e386bfd9e6fd6da6b2d40dd5e4766c4fe508d0df2295fea461dd6398ee_latent.pt	00004534.jpg	256
6c74d3850d67eb1496a4007b90f8530b638ed318e0862dd19393437888ea4128_latent.pt	00003983.jpg	257
0fd2b6be559f4d8de0752a54e141181ce6a43c0a31c06fd81d4674d5ac078e6d_latent.pt	00003653.jpg	258
ae2c09026a3461abf2ff8becadfab8661fb7623b2d240c7a9f4d2778bb7734b9_latent.pt	00001607.jpg	259
2253487b7bec7a166577a076b766e96f86339fbb14ccc08f4141f2dff4f50e73_latent.pt	00002406.jpg	260
43a1cb2eaf928944f837b17d68b599cf2e469c17c8c3237ceeb22be0ab87ace5_latent.pt	00003131.jpg	261
6a9a3e79f6270740a1b5b63ec37fc9e233f2fe4bd017f0758c45268c0efa2379_latent.pt	00000098.jpg	262
d5c9b366dff7e7ad3bd93e4c0f99afd64f9c8f6eeab9550034520f0d7c9d269f_latent.pt	00000519.jpg	263
299bb88e46de4be8c66820ad5be928b1aa3930d02b7923843d9f04ce5c47a56e_latent.pt	00001329.jpg	264
4d0eb13c38f1c76bf96ab67c447846a663a20f9957866245dea0e4092b47c818_latent.pt	00004790.jpg	265
3c6a08fcc582a78ca15e64362775343bf54585b155ebbb3510e6692a36bfb711_latent.pt	00000907.jpg	266
1ac8224a8a3bc0ddc0f6a6f004c91a5817e7abe9e434b8b3746a7a84bb7e2967_latent.pt	00004519.jpg	268
f69c4a5bb07c4dc98a3235081301e80d25823192970db556350425965ee9cdeb_latent.pt	00004525.jpg	269
16cdea08d02aa3ba126e4b890e0dacf7a3b700c205f2d7acc66f1b8dbf43a052_latent.pt	00001259.jpg	270
00a33c05ca16008266aa4e2cb5d6344bd2a70d47ad4f8180998816b9d5332dfd_latent.pt	00000034.jpg	272
5f53fb1154143dd293c053805777f32779024bd0cde329a94902867166b4e4c8_latent.pt	00000872.jpg	273
42444e0636001327fa488c1beb74b38c5ae2c5563a3209362b1e6016e7455e18_latent.pt	00002767.jpg	274
56f26ec14f54622346381b92a2cf2670caef5746a31b4759c92475772e429c44_latent.pt	00002667.jpg	275
3f767b26a372c8b0fabff503363ef901263d192d74941569d9bf16affb8f4aee_latent.pt	00000837.jpg	276
49678fb4372d4844a1eeac0fa9b77c60467c83c459284ba758f215bd559c560c_latent.pt	00004225.jpg	277
562725168460bf417645be81b394919c1db3dcde790b43ede1da688ed309ab1c_latent.pt	00001215.jpg	278
ac8ce9d866e9f2b541c691ca1130e472310e4d74e1bb748b6397068c963aa595_latent.pt	00004871.jpg	279
e33fe1a17640240ed6602aa918fb0f63805130b3b5fd8a5f6dad8b7df3ebf377_latent.pt	00000977.jpg	280
2b1faf7ad27c34459de92564f1eda1d89220b671cd5fc0ba775562e19ef48ef3_latent.pt	00004817.jpg	281
187c01510796343cf5530f02936f3e3aa94c927d99b8eba929c2835f036b3b5e_latent.pt	00002516.jpg	282
3d7367b70d0f405771ecf32170d2345ec47c7766431f3ab381e9e64e6b989b6f_latent.pt	00003338.jpg	283
cfb51ebe5fc1cd1482a9a65716dad756b1374b3bc507a712e416947eeb51a058_latent.pt	00000004.jpg	284
68bc60c1a22246e104195d5dd533dc1298db68a955b8e04743d2e4d67056e99e_latent.pt	00003903.jpg	285
64c9c8f2da39d2fd93b1817d5d58617d26d25c2a721bde75b5d57620ab391b7d_latent.pt	00002608.jpg	286
cae3042e8102b88ef525da40ea0b48d44669c0206afa4d35d271b78aec951ee7_latent.pt	00001136.jpg	287
3b6567b4b22eed49aeb0fca76508a205657080639b1523ea2c67388f3d52a3a9_latent.pt	00002704.jpg	288
2c0258443180ba9c91ce6b781a408a6fd0fc798933373b620d21c1c9762432b7_latent.pt	00000670.jpg	289
b760c2912f98aa0a105a1e587325399b8d45460f1673caceb7aa68eecb8c3d67_latent.pt	00002124.jpg	290
8d5d1f0825e03d99344e145e73e94f8278dff66b8e8a82760db155c2f0c628d2_latent.pt	00000992.jpg	291
363d8e5c5b402df093ebac192207d8504906ffd5a8615b6d6064a43fb80258f0_latent.pt	00000139.jpg	292
b82fb04275aeee99e7cf200cf7cf256863a520c84d4068d46dd7dffec3313200_latent.pt	00002828.jpg	293
b84e4281f58ee0acd0a3ed1ee429cd2760aef647ce1d042492288f77b9413dcd_latent.pt	00000868.jpg	294
f2db7b54d98db146cc7a6514e960cf4bc7d98d6f9ec28eadf9cf1b734c49eba3_latent.pt	00002682.jpg	295
055303037c8070e5ea8c6c17b5433e8f40bd37aa4bbb61834a73e863c4cb17ea_latent.pt	00003300.jpg	296
23fc62094645126407bc82d5811aeaabaade426c3e1511c23c59bd69ce524cf5_latent.pt	00003912.jpg	297
f3afe1b31e4835c248f719b64c3221eadb2605cb49760f5cf448965175f9f826_latent.pt	00002142.jpg	298
c3fdb6b8758110ea7e70a07bd56df5e2aaaf54c9917a45c04cfe57240051c85c_latent.pt	00004081.jpg	299
6303e04ed47aa049063b8b0ad958850a5c6875c29be7222269feb384838d2f35_latent.pt	00000601.jpg	300
2042eb2f4764eb0710d1ded786ecac10905e6311fe2322f1252290b926ad8c28_latent.pt	00004594.jpg	304
d204d003f11eca51d66b9801f225c0272dcd4aa182dd6b53566262b4080e0b83_latent.pt	00004375.jpg	305
6692a2496278e04a53d1e699783766c2b6c7994fb2e7e28842e360f093c4af72_latent.pt	00002114.jpg	309
c1394c6fbb9fb969a11825bcc4eef444baaa28eeb835802737e010e7af321349_latent.pt	00003850.jpg	318
d33c0f27f4af8eafc78ca287fc795195ecf418de6685c2508e522733866da661_latent.pt	00004604.jpg	332
c1ec2ae3b9e5eb6560d82860985064763e406f46cae850c99a5b234af7bdce7e_latent.pt	00004527.jpg	333
f872dbd8276e3ab71a692a57efb40627760c57f8eb4a49747039697eea58ba72_latent.pt	00000555.jpg	340
6e14051c3e8081d80ad6bf79e0e27496f290a55880a62564b3a763df6d201db5_latent.pt	00002044.jpg	349
c39a77463e458f111ab9f37c0183a5b3e4da564c3700dfe4722b41eeb406cb0d_latent.pt	00002463.jpg	369
2495094a91486dc4fdfab5ca8f367cbd4c5bc8745cfdb38c7fb17e6a10093f5f_latent.pt	00001308.jpg	376
5ba56098f878aab8194732bfba9e82e9e52cffb02300ddf709952c2aa33b58d4_latent.pt	00004977.jpg	387
a163cca405d28690b03413767ee658218011c19cd6f6efce3afdcf90edab71de_latent.pt	00000923.jpg	416
87d13b0c4f2eb37852ff87516d19f7ebb4f08333d9933ca9ebc6f4deb4e390c4_latent.pt	00000860.jpg	419
35ae13b6d6d26f1bdc738d145390dfc32ba620e5703aa599e6983c0d2e843909_latent.pt	00000305.jpg	420
256ec6e30bf607ed7ca54d8f67895d7c526c978ba43f568c79a526c9db5351f3_latent.pt	00003635.jpg	424
d8fc3d5e3ef02619f959b3334f28361536bf0c19133ff5024a4bd949106cc4d5_latent.pt	00002641.jpg	431
479fa8369bc235e55789ba53da080c49548db2879baa0af7412b73d3ef112517_latent.pt	00002873.jpg	438
09f5587cfbf003dcec20aa83903e75376fb10c887106e8650f3216c2cd696a2c_latent.pt	00004442.jpg	445
285ffb0defa16f4a8b4b3a1957665c2ef1bdea37bacdd87acbe01ca56a33c935_latent.pt	00002947.jpg	451
609872476805d992feda8407ded3a26b0d2af0d4e5329d23ab372a7d3b637694_latent.pt	00002517.jpg	457
9e29443353d1349c5bb26ecd71051ab3f72c58a950c53d812c91513459c05c41_latent.pt	00000284.jpg	471
bbac7a3f21942ee681693916589e2d54685cc8079ca0099fa4a8b4c4a04281c2_latent.pt	00004811.jpg	485
0f08c71dd881a72650b89db80b37f9c7b089dcbbe6f042d62bbc673556b4b9d8_latent.pt	00000997.jpg	503
2f6795271f97b7a06d7b4827b9cfee75b3954ca963f2bad936b63fe8603d6a15_latent.pt	00001464.jpg	505
3ebdc6b277b0960954a6339d38f2a3aaeff335fe81696ddb7f94aafeb3234805_latent.pt	00003876.jpg	514
63399ae0b03af113311e1d5189ca630dbeea43a88b5f15ca81620b3c54491038_latent.pt	00000029.jpg	566
f84568a654f9798abe073fc82f2bc80b9d0a5002205fe0f85c2ceea1b2f85548_latent.pt	00001069.jpg	575
a79f8341ab593ab1b664c4564ce96f26005972a4c24ad58bab7f16c8e12171f2_latent.pt	00001477.jpg	589
bbd66e1419ec8a07b8c0f7193e6f6e48511ec26ff2d3c45f898a3dc3a8229360_latent.pt	00000092.jpg	591
65a9ef8c2f2269dd447d2bfdfa88de254ced8bcf22c03831f2c7af7d5ba60750_latent.pt	00002497.jpg	592
f0e4a9fee3fb17bffc0b15b68211de72470b7864b7c6473528a3284a9ac83fcf_latent.pt	00003740.jpg	602
a088ef312d6047fdd4896a7fd14443f27b8e465cbaebdfef9b2a149dc27e6bd0_latent.pt	00001784.jpg	642
95e5ca002ee4a9d9f983bd06d34cd692bb09d6946acdda57942039df62f97303_latent.pt	00001387.jpg	686
fe3741197e7eb8e8ca9a26c270a9f48cbe55e444e24a293b67ea31edb898b396_latent.pt	00000070.jpg	702
30eed992ee2dda2f7212db0183806e254de77de4b1bde6fb78101fed864ef8ff_latent.pt	00004651.jpg	712
4b5a0b1c5e120143773db16b3498a401afeb0b53166195c2f0440078c666c044_latent.pt	00001739.jpg	717
b5e0d4284e4ab27c5925b21ad8f70a42c3240fdc83bdc37890138573fdb711eb_latent.pt	00001608.jpg	741
4b8699caad60ac484128c078d086d20b0cef88a613501e493efcfece75fb87b8_latent.pt	00002098.jpg	756
442c02577a472fe18598fac9da36a057774e56c767bf2bec1131e065a21ffc26_latent.pt	00001525.jpg	784
5e54544924e9ab2ae0e683e919340092020f0ce529999d54a2d64d1e95552291_latent.pt	00002899.jpg	1000000
